business_name,business_type,business_city,business_state,business_start_date,business_description,naics_code,fulltime_employees_count,fulltime_employees_annual_payroll,ever_filed_bankruptcy,bankruptcy_description,ongoing_lawsuits,lawsuits_description,future_owners,annual_revenue_year_one,annual_revenue_year_two,annual_revenue_year_three,net_operating_income_year_one,net_operating_income_year_two,net_operating_income_year_three,has_no_debts,debts,has_no_credit_debts,credit_debts,is_missing_tax_returns,missing_tax_returns_description,inquiry_id,user_id,organization_id,id,meta_status,created_at,updated_at,business_address,business_zip_code,business_phone_number
"Huels LLC","LLC","Pensacola","NY","2019-12-03 17:50:57.975+00","Eveniet similique avaritia dedecor usus totam sollers aduro absum caveo. Vomito tracto astrum cunabula itaque. Assumenda calcar adipiscor.","423520","90","529203096","f","Cenaculum umquam basium custodia via. Altus victoria esse victoria cinis magnam strues. Harum arceo substantia cupressus urbanus advenio vobis talio caput defetiscor.","t","Summisse bellum texo totidem. Cupio tenax subnecto aspicio vigilo crustulum succurro. Tolero terga solium decipio statua temperantia conqueror.","[{""id"": ""9c2dfb6f-2998-4692-bf9a-aa6a8d938f47"", ""email"": ""Brigitte_Turcotte10@yahoo.com"", ""lastName"": ""Turcotte"", ""firstName"": ""Brigitte"", ""percentage"": 18, ""phoneNumber"": ""+18176859144""}, {""id"": ""2c31cdf5-6065-4c82-8ebc-79ba1159e971"", ""email"": ""Ashley.Wilderman52@yahoo.com"", ""lastName"": ""Wilderman"", ""firstName"": ""Ashley"", ""percentage"": 28, ""phoneNumber"": ""+13285705715""}, {""id"": ""20a433e4-c7c4-47eb-8d76-d6e21899aec9"", ""email"": ""Josie.Connelly@gmail.com"", ""lastName"": ""Connelly"", ""firstName"": ""Josie"", ""percentage"": 54, ""phoneNumber"": ""+15427769447""}]","1323007740","1452295870","1333995312","53968812","59242800","54417022","f","[{""id"": ""cd7522ff-150a-4377-936c-de661f74076b"", ""name"": ""Office Depot Vendor Credit"", ""interestRate"": 11.271860218505875, ""originalDate"": ""2023-02-03T18:53:29.100Z"", ""currentBalance"": 19108225, ""monthlyPayment"": 577576, ""originalAmount"": 65606405, ""termOrMaturationDate"": ""2027-05-25T19:35:49.028Z""}]","f","[{""id"": ""6ab8c0f6-7d0c-4fea-ad24-bfe935135936"", ""name"": ""Wells Fargo Business Elite Card"", ""balance"": 3233843}, {""id"": ""652488cf-2396-4ca6-a961-2c13e79b73f5"", ""name"": ""Stripe Corporate Business Card"", ""balance"": 4033447}, {""id"": ""3d8770d0-811e-428c-9129-f4c67550febe"", ""name"": ""American Express Business Platinum Card"", ""balance"": 3680337}]","t","Ante totam calculus virgo accusamus barba vitium tibi soleo tum. Capillus cilicium audax urbs creber cetera. Templum toties vos communis paens tui volup cimentarius vallum.","6d31141e-a3ef-4067-a672-535d8d32466d","8c303314xvnwguwmnbf3p","d81dc152-c9d3-048b-1572-1f0c4594bf92","83b1247e-6899-46f3-b118-7231e0a0d4d9","t","2025-08-31 06:04:20.614+00",,"89120 Cortez Alley","98033","+13252876377"
"Sipes, Kilback and Purdy","Franchise","Port Carlo","AZ","2020-01-23 00:05:46.464+00","Verumtamen tamen curia. Stella casus volaticus quam solitudo viridis vestrum. Tertius dolore est tempora totus corpus amo fugiat.","112320","107","781194417","t","Catena sono averto solum provident consectetur ullam demonstro totus. Reiciendis demoror carcer benevolentia vehemens talis. Ullam amoveo accommodo celebrer denuncio alioqui abstergo decor vicissitudo correptius.","f",,"[{""id"": ""e02e2ebc-b48c-4410-812f-cd5ca1ed015c"", ""email"": ""Gisselle_Green64@gmail.com"", ""lastName"": ""Green"", ""firstName"": ""Gisselle"", ""percentage"": 17, ""phoneNumber"": ""+19826595317""}, {""id"": ""a0fa5391-763b-46bc-9729-7bfbd6d59903"", ""email"": ""Myrtis_Kautzer-Ruecker56@hotmail.com"", ""lastName"": ""Kautzer-Ruecker"", ""firstName"": ""Myrtis"", ""percentage"": 11, ""phoneNumber"": ""+19723545083""}, {""id"": ""36e45e25-d64c-4a68-bc92-0470abd7400f"", ""email"": ""Maxime.Kerluke-Stracke49@hotmail.com"", ""lastName"": ""Kerluke-Stracke"", ""firstName"": ""Maxime"", ""percentage"": 19, ""phoneNumber"": ""+14033025759""}, {""id"": ""91f549eb-afe4-412b-a376-112305c3ec82"", ""email"": ""Cecilia.Koepp91@gmail.com"", ""lastName"": ""Koepp"", ""firstName"": ""Cecilia"", ""percentage"": 22, ""phoneNumber"": ""+13343968224""}, {""id"": ""a02dca44-3b0a-460c-a9fd-da754a52d063"", ""email"": ""Violet_Mitchell@yahoo.com"", ""lastName"": ""Mitchell"", ""firstName"": ""Violet"", ""percentage"": 31, ""phoneNumber"": ""+14739645586""}]","1952986042","1782222165","1883054732","-84502917","-77114208","-81477089","f","[{""id"": ""7876762f-3b14-4de6-bf85-87bcdc03dd74"", ""name"": ""Unpaid Corporate Income Tax"", ""interestRate"": 5.228703761184899, ""originalDate"": ""2024-05-07T07:38:34.393Z"", ""currentBalance"": 49956643, ""monthlyPayment"": 1050284, ""originalAmount"": 57333992, ""termOrMaturationDate"": ""2026-08-25T15:40:41.452Z""}, {""id"": ""60d8c7fd-0da0-4ece-8d6f-17e2260eaace"", ""name"": ""Cisco Technology Equipment Lease"", ""interestRate"": 6.488495618174214, ""originalDate"": ""2019-03-03T16:06:46.607Z"", ""currentBalance"": 2229076, ""monthlyPayment"": 30628, ""originalAmount"": 26315464, ""termOrMaturationDate"": ""2034-03-26T22:02:53.827Z""}]","f","[{""id"": ""473516ab-fa3a-457b-9bc8-99970d896d56"", ""name"": ""US Bank Business Leverage Visa"", ""balance"": 4137331}]","t","Atrox animus antea ait dolore. Cilicium depopulo neque tamisium. Cum esse degenero cohaero tabesco recusandae.","e9fcdb4d-aff3-4366-aa78-60e0a101cb38","l4dvk4durpywqbftlvit7","d81dc152-c9d3-048b-1572-1f0c4594bf92","3ff90ac0-bfaf-45d7-b52d-7027bc93dc43","t","2025-08-31 17:10:30.794+00",,"68064 Floyd Squares","19748","+12643075799"
"Batz, Blanda and Kerluke","LLC","Satterfieldview","AK","2024-03-18 15:48:53.062+00","Avaritia soleo thema alo mollitia. Summopere virtus cena assentator suffoco vomito deludo acer copiose cognatus. Veritatis bellicus aperio comprehendo crustulum caries volubilis chirographum deprecator.","811411","247","800000000","f","Thesaurus vigor torrens cervus amor vis. Confugo conduco copiose. Varius trepide basium vigilo succedo tenax tersus alioqui.","t",,"[{""id"": ""5d61e30b-a487-4a9e-821e-d4537b514c61"", ""email"": ""Gwendolyn.Ankunding98@hotmail.com"", ""lastName"": ""Ankunding"", ""firstName"": ""Gwendolyn"", ""percentage"": 8, ""phoneNumber"": ""+16027905771""}, {""id"": ""5d3e08e9-db69-4d13-8e47-90c6fa500b3e"", ""email"": ""Chyna_Jaskolski@yahoo.com"", ""lastName"": ""Jaskolski"", ""firstName"": ""Chyna"", ""percentage"": 92, ""phoneNumber"": ""+15773915759""}]","2000000000","1977650131","1818501557","345366796","341507344","314025028","f","[{""id"": ""524f2df3-cc93-40d9-943f-64f2b9dd4a04"", ""name"": ""GE Capital Fleet Vehicle Lease"", ""interestRate"": 10.333176132885367, ""originalDate"": ""2024-07-18T06:25:10.605Z"", ""currentBalance"": 29639726, ""monthlyPayment"": 872721, ""originalAmount"": 76930271, ""termOrMaturationDate"": ""2028-04-18T17:08:48.948Z""}]","f","[{""id"": ""3acf9de9-11b5-4651-9baf-19b2ca569566"", ""name"": ""Discover It Business Card"", ""balance"": 2707786}, {""id"": ""2e828476-cf21-41fe-baa6-fbe2d8d4f05c"", ""name"": ""CitiBusiness AAdvantage Platinum Card"", ""balance"": 4649687}, {""id"": ""c1e5579f-5b35-4d66-8bc0-72898ea4082b"", ""name"": ""Bank of America Business Advantage Credit Card"", ""balance"": 2620057}, {""id"": ""6f278d78-d431-4560-9b81-f70831d041a3"", ""name"": ""CitiBusiness AAdvantage Platinum Card"", ""balance"": 879120}]","f","Peccatus strues clamo quaerat thesaurus vesper demitto. Patruus quidem certe tumultus copiose pecus soluta dens. Blandior pauci trans venio curso.","b17ceac5-f985-4e66-ba81-ee9221049156","oattxg2nrx9fqbn6394gp","d81dc152-c9d3-048b-1572-1f0c4594bf92","7b946434-5937-4ac9-8948-ad0be8d0d0a9","t","2025-08-25 19:34:03.477+00",,"17707 Giovanni Roads","52034","+17484937757"
"Marvin, Beer and Turcotte","C Corporation","Denton","SC","2019-06-17 09:46:37.77+00","Crepusculum non territo thymbra comedo adipiscor non adinventitias ex. Sit paulatim similique solutio earum asper. Unus vigor tenuis iste.","541360","40","129842496","t","Defaeco conduco deputo curo assentator pectus nobis. Amicitia adduco arbustum voro despecto sursum eum. Natus blandior ventus.","t","Tum solio tergiversatio tero solum. Solus thalassinus baiulus cuppedia theologus decimus totidem voluptate callide. Abstergo carbo avarus paulatim capillus adimpleo.","[{""id"": ""c83dc045-3aef-4903-93ca-931aa98f3308"", ""email"": ""Khalil_Bins@gmail.com"", ""lastName"": ""Bins"", ""firstName"": ""Khalil"", ""percentage"": 100, ""phoneNumber"": ""+17592729391""}]","324606240","295084211","273596468","94048393","85494955","79269296","f","[{""id"": ""52279ce8-316d-4154-902a-6788a831d461"", ""name"": ""Square Capital Merchant Advance"", ""interestRate"": 11.295458353570165, ""originalDate"": ""2020-04-06T07:43:03.752Z"", ""currentBalance"": 1659330, ""monthlyPayment"": 38665, ""originalAmount"": 40500428, ""termOrMaturationDate"": ""2029-01-09T02:39:39.669Z""}, {""id"": ""22ff1cae-37a7-4f61-972d-313d34277e82"", ""name"": ""Contract Breach Judgment Debt"", ""interestRate"": 10.517851802769805, ""originalDate"": ""2016-02-24T17:40:07.593Z"", ""currentBalance"": 6112224, ""monthlyPayment"": 223357, ""originalAmount"": 38005662, ""termOrMaturationDate"": ""2027-03-22T05:24:27.817Z""}]","f","[{""id"": ""96da876c-b871-4c67-b5fb-2dab38a0d03c"", ""name"": ""Stripe Corporate Business Card"", ""balance"": 1052224}, {""id"": ""e917858f-a2dd-4ced-a8b5-8df6c7dbeb52"", ""name"": ""US Bank Business Leverage Visa"", ""balance"": 3734020}, {""id"": ""1f2e77fb-b4dd-443f-8a6c-4fb8210e661d"", ""name"": ""Chase Ink Business Credit Card"", ""balance"": 3798435}, {""id"": ""6419e06b-a332-4766-a984-4f117225cf53"", ""name"": ""Bank of America Business Advantage Credit Card"", ""balance"": 1156669}, {""id"": ""e9961879-f26d-4c1a-83bd-c251aeab5fbc"", ""name"": ""Discover It Business Card"", ""balance"": 367803}]","f","Ad amiculum voro. Vehemens venia conventus tantillus viriliter aedificium voluntarius reiciendis. Vito caveo deorsum culpo consectetur depraedor tener.","1ca1b2be-b922-4797-8545-758947a82d2f","dcfebje9ppwf7muik4pbq","d81dc152-c9d3-048b-1572-1f0c4594bf92","71d28dd8-35f2-4d0a-a640-b8ba2b11d446","t","2025-09-05 07:56:52.271+00",,"519 Gulgowski Gardens","04932","+16433859096"
"Reichert and Sons","C Corporation","New Werner","PA","2020-05-27 14:17:45.038+00","Denuo viriliter ceno utique depraedor ullam decet volubilis. Tabella solitudo toties theca. Creator placeat at crepusculum.","532289","146","800000000","t","Cras corona argumentum vado copiose ascisco dolor excepturi cuppedia timidus. Decet vereor accommodo crinis adhuc. Aggero contra repellendus.","f","Mollitia clementia deserunt adipisci. Curto comprehendo videlicet commemoro assumenda vere inflammatio ratione aggero sopor. Turpis curo tendo careo abundans charisma cognomen aggredior claudeo aestus.","[{""id"": ""aa2b41ec-f8f8-414f-af0d-aa923d87dc43"", ""email"": ""Jaime_Christiansen2@hotmail.com"", ""lastName"": ""Christiansen"", ""firstName"": ""Jaime"", ""percentage"": 100, ""phoneNumber"": ""+17179265467""}]","2000000000","1870772357","1902526677","512388667","479281277","487416554","f","[{""id"": ""292d31c4-ef29-4750-8f73-8784c8a8fc40"", ""name"": ""Pending Lawsuit Settlement Debt"", ""interestRate"": 9.130666055393968, ""originalDate"": ""2018-10-27T06:42:25.819Z"", ""currentBalance"": 7611157, ""monthlyPayment"": 269333, ""originalAmount"": 22458450, ""termOrMaturationDate"": ""2027-08-06T16:31:29.657Z""}, {""id"": ""d6597998-3c65-4d9b-af15-69a5a3b7d8a3"", ""name"": ""State Sales Tax Delinquency"", ""interestRate"": 6.809691397953324, ""originalDate"": ""2024-08-17T09:43:18.713Z"", ""currentBalance"": 1705182, ""monthlyPayment"": 27439, ""originalAmount"": 67908062, ""termOrMaturationDate"": ""2029-01-06T12:01:32.405Z""}]","f","[{""id"": ""d0c6af12-aa74-4c1e-9b6d-52a56c7504b6"", ""name"": ""Stripe Corporate Business Card"", ""balance"": 4166576}, {""id"": ""5859a067-2d1e-45da-93b2-996fa775c729"", ""name"": ""CitiBusiness AAdvantage Platinum Card"", ""balance"": 2667241}, {""id"": ""ecb38005-e346-4db3-a2d9-58ccf5593b19"", ""name"": ""Discover It Business Card"", ""balance"": 3165740}]","t","Auditor vesco vespillo balbus alienus. Aptus admoneo conturbo vitium basium. Annus conduco sol abundans voco tabernus deripio sumo explicabo.","cf8338b1-af72-48ac-8fa2-167e679e6d57","3u8yk6bfvahiiig7gt3fz","d81dc152-c9d3-048b-1572-1f0c4594bf92","ea5e8cd4-940f-4433-8cae-03596624c48a","t","2025-08-25 06:37:48.035+00",,"469 S 9th Street","63551","+13059403603"
"Jast, Ratke and McLaughlin","Nonprofit organization","Jupiter","WA","2017-02-11 03:54:26.271+00","Velociter arcesso tricesimus tumultus civitas verecundia contra vulgaris. Ea colo vita hic deputo tricesimus. Crur celo utique rerum eligendi ratione vita.","531190","116","528054829","t","Desipio conduco velociter summa aer tepidus vulariter. Suffragium carcer verecundia beatus vulnus caste cunae ago ab admiratio. Exercitationem tametsi conduco.","f",,"[{""id"": ""f49f16f3-a333-4180-b0c5-53d5adef9955"", ""email"": ""Moriah.Carroll60@yahoo.com"", ""lastName"": ""Carroll"", ""firstName"": ""Moriah"", ""percentage"": 89, ""phoneNumber"": ""+12504752346""}, {""id"": ""b4c9e769-ffb8-4330-bc2c-f284c25990ef"", ""email"": ""Alena.Lakin41@hotmail.com"", ""lastName"": ""Lakin"", ""firstName"": ""Alena"", ""percentage"": 11, ""phoneNumber"": ""+15785853908""}]","1320137072","1327060588","1338594537","340175347","341959412","344931501","f","[{""id"": ""1d4ca93e-8ae1-48ad-a022-4eb67db295f1"", ""name"": ""Pending Lawsuit Settlement Debt"", ""interestRate"": 7.361068569858905, ""originalDate"": ""2022-06-13T02:08:41.786Z"", ""currentBalance"": 61388894, ""monthlyPayment"": 888147, ""originalAmount"": 93516223, ""termOrMaturationDate"": ""2032-03-06T11:09:29.014Z""}]","f","[{""id"": ""dd85a925-d273-4db8-80b4-d0e26ce9911f"", ""name"": ""Capital One Spark Business Credit Card"", ""balance"": 2336484}]","t","Artificiose libero tendo surculus. Aequus uter certe. Numquam textus paulatim accusantium cedo caritas vulpes.","58463864-bd2b-41c1-bc04-d9d322aa3f75","93xb1ub6wbhft9xmr1ltw","d81dc152-c9d3-048b-1572-1f0c4594bf92","3128590e-931d-4b0b-9e76-88aad3e571c3","t","2025-08-27 23:35:15.02+00",,"40193 Miller Station","52928","+13032658022"
"Howell - Hilll","Franchise","Altenwerthmouth","NH","2018-11-18 05:18:30.432+00","Verus deserunt aranea tabella amo vivo clarus subseco praesentium capillus. Dens anser denego anser angelus sunt unde uberrime territo. Tempus quae eligendi adaugeo solium tripudio terebro virga amplitudo.","561599","123","791346822","t","Ater similique ventus cruciamentum suffoco usus. Amissio voco voluntarius quidem bis. Sophismata tenetur tenetur decumbo tergo vulnus bos crastinus torqueo venio.","t","Aspernatur comis accedo. Vicinus voluntarius strenuus venio voluptate ait argumentum acervus termes. Tersus tripudio depraedor utrimque.","[{""id"": ""9c1c4df1-68ff-415c-a1aa-ce935c67c784"", ""email"": ""Aron.Smith27@yahoo.com"", ""lastName"": ""Smith"", ""firstName"": ""Aron"", ""percentage"": 100, ""phoneNumber"": ""+17872428835""}]","1978367055","1784432517","1890249605","-62307314","-56199478","-59532115","f","[{""id"": ""1d23679f-6f35-410b-b496-a0e07c4e3d6f"", ""name"": ""Grainger Trade Credit (Net-60 Terms)"", ""interestRate"": 10.990313474122239, ""originalDate"": ""2023-05-22T06:20:55.912Z"", ""currentBalance"": 21912460, ""monthlyPayment"": 565895, ""originalAmount"": 44148216, ""termOrMaturationDate"": ""2027-08-02T12:49:50.490Z""}, {""id"": ""78cbdcf2-dec0-4a3d-bf2f-486f221f3c08"", ""name"": ""Square Capital Merchant Advance"", ""interestRate"": 8.709706987381402, ""originalDate"": ""2023-10-27T01:51:34.534Z"", ""currentBalance"": 22446453, ""monthlyPayment"": 370756, ""originalAmount"": 30251685, ""termOrMaturationDate"": ""2033-05-16T02:58:23.449Z""}]","f","[{""id"": ""2794a39d-4ef4-4276-9848-9f0cac753c8f"", ""name"": ""Brex Business Credit Card"", ""balance"": 790967}]","t","Torrens odit derelinquo consuasor supra sponte tunc ea. Vomito velociter aduro virga acidus demulceo conforto blanditiis aiunt. Creber venustas causa.","f5a617c2-1c70-44a0-9086-f12ec1cd6abf","2f0envqjwr3i0zu4e610g","d81dc152-c9d3-048b-1572-1f0c4594bf92","6ed82a7f-8278-49db-bb49-01e70b087a2a","t","2025-09-06 02:08:39.59+00",,"9965 Alejandra Crest","72051","+19909237102"
"Schmitt - Goldner","Partnership","West Athena","WV","2024-11-18 21:16:45.066+00","Conitor stultus volva suadeo viduo. Audax clementia aestus defungo tubineus atavus quaerat. A alius alo acquiro demo.","334510","143","800000000","t","Clibanus peccatus expedita. Cerno trado vox appono virgo unus sollicito bellum deficio. Succedo amaritudo laudantium vilitas deduco dens.","t","Absque advenio aeternus. Commemoro vulnero absque et ademptio facere cattus tenax nemo tyrannus. Vetus adipiscor amet titulus tot adicio aequitas.","[{""id"": ""89ff5981-1e8d-4394-8808-03cac80723d5"", ""email"": ""Lee.Klocko21@hotmail.com"", ""lastName"": ""Klocko"", ""firstName"": ""Lee"", ""percentage"": 92, ""phoneNumber"": ""+17728119670""}, {""id"": ""e0121f43-40d6-487b-bb2f-eef3f98dfac1"", ""email"": ""Leonora_Kub@hotmail.com"", ""lastName"": ""Kub"", ""firstName"": ""Leonora"", ""percentage"": 3, ""phoneNumber"": ""+17452562723""}, {""id"": ""18e31ab1-8e7e-4286-8f82-06477d7bbed9"", ""email"": ""Hadley.Bogisich@yahoo.com"", ""lastName"": ""Bogisich"", ""firstName"": ""Hadley"", ""percentage"": 2, ""phoneNumber"": ""+18639841747""}, {""id"": ""3cf13c49-d9db-4e90-88f9-4b984a7b32f8"", ""email"": ""Euna.Flatley55@hotmail.com"", ""lastName"": ""Flatley"", ""firstName"": ""Euna"", ""percentage"": 1, ""phoneNumber"": ""+13619461403""}, {""id"": ""78bbca54-39d7-4e9f-8b81-c437c490a010"", ""email"": ""Hettie.Beatty98@gmail.com"", ""lastName"": ""Beatty"", ""firstName"": ""Hettie"", ""percentage"": 2, ""phoneNumber"": ""+19502063660""}]","2000000000","1885939852","1975703032","377013411","355512308","372433270","f","[{""id"": ""5b167729-a61e-4c21-bc1f-50c2c1f92a0c"", ""name"": ""Shopify Capital Revenue Advance"", ""interestRate"": 7.539759453235049, ""originalDate"": ""2020-09-26T08:04:41.923Z"", ""currentBalance"": 38613664, ""monthlyPayment"": 1047066, ""originalAmount"": 68736546, ""termOrMaturationDate"": ""2027-07-29T10:41:11.108Z""}, {""id"": ""eb4da78d-39c8-4c6b-a9c4-9263de325c28"", ""name"": ""IRS Payroll Tax Debt"", ""interestRate"": 9.638619212993294, ""originalDate"": ""2015-11-24T21:59:54.129Z"", ""currentBalance"": 9022104, ""monthlyPayment"": 197774, ""originalAmount"": 10653684, ""termOrMaturationDate"": ""2029-07-28T18:57:18.279Z""}]","f","[{""id"": ""939de5b8-20e2-40d5-934f-7e802e75784e"", ""name"": ""Chase Ink Business Credit Card"", ""balance"": 842705}, {""id"": ""35ce35b6-ed09-48fa-ae44-dbac4d48889f"", ""name"": ""Capital One Spark Business Credit Card"", ""balance"": 1659877}, {""id"": ""b80da3c3-78a5-4dcc-ba10-760c7dcbf73c"", ""name"": ""CitiBusiness AAdvantage Platinum Card"", ""balance"": 1342004}, {""id"": ""83eeb0f0-75b0-4235-b381-8da082351dea"", ""name"": ""US Bank Business Leverage Visa"", ""balance"": 4911748}]","t","Bellicus aveho tabesco tunc quibusdam cubo aeger aer caelestis culpa. Ubi deprimo arbustum aegre consequuntur tollo. Pectus aeger varietas accendo deprecator damno.","923f0715-ed1a-4485-842c-965d3a8c3b46","7q7bnvafm5en693e4qamq","d81dc152-c9d3-048b-1572-1f0c4594bf92","7733461b-22e8-456e-954e-24372a94a801","t","2025-08-27 05:16:35.324+00",,"331 Shanahan Dam","90810","+15147184543"
"West, Lynch and Nienow","Franchise","Lake Zoeystad","NY","2021-07-19 20:34:55.879+00","Corrupti tricesimus corrumpo at decor statim vaco quasi uter cribro. Vinculum demergo culpa deorsum vorax claudeo cimentarius admoveo. Bibo desolo amet arguo supplanto decretum auctus canto viriliter caecus.","423720","137","800000000","f","Colo acervus nisi libero doloremque utilis recusandae laborum denuncio. Ducimus ratione esse balbus. Tantum pauci verecundia attollo.","t","Suggero ratione arbor sol caveo barba aduro vivo volup. Tonsor tenus summisse iure fuga. Non calculus alo terebro theologus vesper.","[{""id"": ""86197309-989e-4141-ad11-7035086aabe3"", ""email"": ""Gideon.Keeling-Kuphal67@yahoo.com"", ""lastName"": ""Keeling-Kuphal"", ""firstName"": ""Gideon"", ""percentage"": 88, ""phoneNumber"": ""+12984369035""}, {""id"": ""bf8f91bc-9985-4389-b978-003f49f6474d"", ""email"": ""Delbert_Krajcik@hotmail.com"", ""lastName"": ""Krajcik"", ""firstName"": ""Delbert"", ""percentage"": 12, ""phoneNumber"": ""+17089251098""}]","2000000000","1902736771","1816031641","735898385","700110459","668207376","f","[{""id"": ""520413d5-43ef-47b4-bfe2-377defdbc5dc"", ""name"": ""Office Depot Vendor Credit"", ""interestRate"": 8.299559034407753, ""originalDate"": ""2024-04-21T03:18:28.429Z"", ""currentBalance"": 1495172, ""monthlyPayment"": 35261, ""originalAmount"": 5297009, ""termOrMaturationDate"": ""2027-05-07T10:04:51.788Z""}]","f","[{""id"": ""ec91c8ad-0952-4f94-a52c-47cf5e9b61dc"", ""name"": ""Stripe Corporate Business Card"", ""balance"": 1860589}, {""id"": ""c1415980-7659-4da6-9ebb-c5abea14e215"", ""name"": ""Stripe Corporate Business Card"", ""balance"": 700352}, {""id"": ""98d3bf4b-5869-4bca-9e89-e44b5eeb580a"", ""name"": ""CitiBusiness AAdvantage Platinum Card"", ""balance"": 3019152}]","f","Unus ea temptatio adimpleo concedo. Degenero clibanus ustilo celer volubilis cultura. Suspendo molestias surgo.","d7f61c50-bcbc-41d6-a2c9-6104a996a36f","ecjn2pid33kpbuuk2dygr","d81dc152-c9d3-048b-1572-1f0c4594bf92","bddc1be4-df38-473a-a70a-83e2a2bfe3cb","t","2025-08-12 16:57:14.245+00",,"57664 Rempel Park","86938","+13233071961"
"Graham, Will and Watsica","C Corporation","Lehi","CO","2021-01-09 16:44:51.523+00","Adsidue in carpo amet suspendo adaugeo cado. Traho viscus dolorum tantillus ullus. Vita ademptio ipsa cena cena.","424590","40","180609632","f","Curtus decerno voluptatum reiciendis. Depulso nam ara vulariter ago deporto strues thesaurus. Cui pariatur vacuus taceo quod volup caritas.","f",,"[{""id"": ""4547f0d6-aa14-4e03-9927-116255062b33"", ""email"": ""Roger.Kilback@gmail.com"", ""lastName"": ""Kilback"", ""firstName"": ""Roger"", ""percentage"": 65, ""phoneNumber"": ""+15776188116""}, {""id"": ""bc563a15-7d38-4416-86d5-807c979befff"", ""email"": ""Mia_Kerluke0@hotmail.com"", ""lastName"": ""Kerluke"", ""firstName"": ""Mia"", ""percentage"": 35, ""phoneNumber"": ""+16948986936""}]","451524080","411091826","372991355","152088980","138469994","125636433","f","[{""id"": ""05a92964-a2b3-40d3-bb02-df6245b8d0fd"", ""name"": ""Sysco Food Supplier Credit Line"", ""interestRate"": 5.024515880620459, ""originalDate"": ""2025-05-26T08:39:14.361Z"", ""currentBalance"": 1599556, ""monthlyPayment"": 25740, ""originalAmount"": 75828251, ""termOrMaturationDate"": ""2025-12-31T21:11:51.300Z""}, {""id"": ""95be9f6d-82b4-4be5-a95a-2b24d4b583c5"", ""name"": ""Sysco Food Supplier Credit Line"", ""interestRate"": 9.034494341126338, ""originalDate"": ""2025-01-31T21:03:48.639Z"", ""currentBalance"": 6302677, ""monthlyPayment"": 178757, ""originalAmount"": 11426289, ""termOrMaturationDate"": ""2028-04-16T04:48:30.594Z""}]","f","[{""id"": ""cf33516b-266a-4165-8585-3e9ce2eb37c5"", ""name"": ""Bank of America Business Advantage Credit Card"", ""balance"": 1048874}, {""id"": ""52da961f-925d-4a18-903c-8bb726943e56"", ""name"": ""Stripe Corporate Business Card"", ""balance"": 4629660}, {""id"": ""7f091c7c-9edd-45e3-8eff-7cc8b27d1283"", ""name"": ""American Express Business Platinum Card"", ""balance"": 4626834}, {""id"": ""6c126de7-ba3b-475a-a2d1-40cb40f451a7"", ""name"": ""Bank of America Business Advantage Credit Card"", ""balance"": 4813972}, {""id"": ""66c4a3b1-dcfb-4251-8587-25776fc55d68"", ""name"": ""Wells Fargo Business Elite Card"", ""balance"": 2385219}]","f","Talio defungo arbitro verumtamen aeternus deleo. Tabula angulus validus vir tepesco comparo ipsa ait copia admoveo. Arx sumptus denuncio.","36e252e9-90f3-42aa-bcea-65e5cb111ab2","0c234p6xj6k1jzc3l97q4","d81dc152-c9d3-048b-1572-1f0c4594bf92","9c2eeed6-9bc3-4221-9867-26c76af6b54c","t","2025-08-25 22:07:49.667+00",,"440 Windsor Close","14604","+13807325775"
"Franecki - Hagenes","LLC","Danburgh","WI","2025-04-05 09:17:28.487+00","Sono tibi cupiditas impedit architecto distinctio ago. Cornu suscipit vitium acceptus cohaero vitium quod altus. Suus terminatio absconditus vinitor accommodo.","333618","15","107670948","f","Suus careo depromo accedo adeptio dolorum natus alius repudiandae. Asperiores aggredior denuo. Umerus quia abutor truculenter omnis.","t",,"[{""id"": ""0248f330-96b7-4c30-a19c-ac72dcfdc0db"", ""email"": ""Micah_Satterfield-Schowalter@gmail.com"", ""lastName"": ""Satterfield-Schowalter"", ""firstName"": ""Micah"", ""percentage"": 45, ""phoneNumber"": ""+15497185747""}, {""id"": ""79f0bfc8-ac08-44d3-a2e5-c79b474ee6ad"", ""email"": ""Sibyl_Muller@gmail.com"", ""lastName"": ""Muller"", ""firstName"": ""Sibyl"", ""percentage"": 55, ""phoneNumber"": ""+14372927644""}]","269177370","289342637","285344089","21582424","23199259","22878658","f","[{""id"": ""62eb0b7a-2cba-4819-ac14-7a8569a81c21"", ""name"": ""Bank of America Working Capital Loan"", ""interestRate"": 11.74056542007796, ""originalDate"": ""2023-11-26T10:56:58.866Z"", ""currentBalance"": 5810129, ""monthlyPayment"": 126013, ""originalAmount"": 43995265, ""termOrMaturationDate"": ""2027-09-10T06:58:30.505Z""}, {""id"": ""9ea606a2-7bd1-4870-b963-99a96b0eb843"", ""name"": ""SBA 504 Loan - Real Estate Financing"", ""interestRate"": 7.619190904594367, ""originalDate"": ""2025-05-01T00:17:08.312Z"", ""currentBalance"": 32935920, ""monthlyPayment"": 758053, ""originalAmount"": 54112374, ""termOrMaturationDate"": ""2030-09-15T00:40:16.149Z""}]","t","[]","t","Claudeo capillus clam. Dapifer vir delinquo sumo demo audeo pauper vilicus. Claustrum cum carmen.","18a5d7f2-0cc0-4296-af43-b72ad6170a83","k6jncmx3xgbkwxrrz2t3u","d81dc152-c9d3-048b-1572-1f0c4594bf92","daf1e10f-37a9-4603-961c-668c7a2b11fe","t","2025-09-10 22:51:25.763+00",,"3632 Alayna Knolls","98180","+16814483442"
"Moore, Schowalter and McLaughlin","C Corporation","Brookville","MD","2024-09-28 16:17:31.142+00","Aer tribuo tantum arca strenuus acsi sursum tabernus carcer. Arcesso neque sumptus denego deludo commemoro vulgaris comparo coaegresco umbra. Thalassinus laborum reiciendis.","925120","7","40000000","f","Theatrum uterque amo. Crinis crux repudiandae canis voro curtus. Theatrum solutio spero claustrum videlicet aliquid.","t","Argentum admoveo vester vita voluptatem sollers. Thorax sublime supra ambitus numquam conitor adficio. Amplus spoliatio delectus absum.","[{""id"": ""faccd438-7935-43d6-ac3c-9dd0436d218a"", ""email"": ""Phyllis.Ruecker-Hoppe@yahoo.com"", ""lastName"": ""Ruecker-Hoppe"", ""firstName"": ""Phyllis"", ""percentage"": 59, ""phoneNumber"": ""+13623448726""}, {""id"": ""d7c10d82-0d87-42e5-ba6f-6307dad5ac86"", ""email"": ""Frances_McLaughlin@hotmail.com"", ""lastName"": ""McLaughlin"", ""firstName"": ""Frances"", ""percentage"": 33, ""phoneNumber"": ""+12336864467""}, {""id"": ""91add24e-64ef-48a7-8f78-7219d8d220ae"", ""email"": ""Osbaldo.Veum@gmail.com"", ""lastName"": ""Veum"", ""firstName"": ""Osbaldo"", ""percentage"": 8, ""phoneNumber"": ""+16643087086""}]","100000000","108503609","118556374","21732529","23580578","25765299","f","[{""id"": ""fcab0a32-dfab-4079-9bbe-f1f4ba1465c9"", ""name"": ""GE Capital Fleet Vehicle Lease"", ""interestRate"": 7.63862098674418, ""originalDate"": ""2022-05-05T07:00:02.482Z"", ""currentBalance"": 41937948, ""monthlyPayment"": 965923, ""originalAmount"": 90167921, ""termOrMaturationDate"": ""2027-04-07T03:22:25.854Z""}]","t","[]","f","Ullus umquam sub arcesso amitto audeo. Vox bonus ulciscor derideo solutio ullam conqueror absque tripudio crinis. Sopor undique pecco tego triumphus vox adflicto ver deduco absconditus.","877a4a6f-d688-49d0-8e37-8406b4757740","6z2c2twtzsf8vnypwpmc3","d81dc152-c9d3-048b-1572-1f0c4594bf92","c65e2156-97bb-47af-b72c-dc2a8fa2a1d2","t","2025-09-10 20:54:19.993+00",,"5847 N Main Street","29541","+15363356836"
"Franecki LLC","Nonprofit organization","Fisherside","WA","2021-09-04 11:47:48.772+00","Blanditiis asporto degero. Sunt amoveo thesis alienus depopulo uxor commemoro antea creptio adstringo. Dicta ter porro placeat temeritas amoveo sumptus.","331511","136","554764618","f","Tolero deputo ex vado astrum decor. Libero eveniet ipsum. Avarus solum clam sono vestigium quas complectus altus suffoco atqui.","f",,"[{""id"": ""d2a21f46-f67e-4d8c-8305-b397f21ce85c"", ""email"": ""Mekhi_Lowe@yahoo.com"", ""lastName"": ""Lowe"", ""firstName"": ""Mekhi"", ""percentage"": 78, ""phoneNumber"": ""+17662259738""}, {""id"": ""dcb95e42-1f7a-4871-a438-418f428ecfb1"", ""email"": ""Jacinto.Breitenberg@hotmail.com"", ""lastName"": ""Breitenberg"", ""firstName"": ""Jacinto"", ""percentage"": 11, ""phoneNumber"": ""+12919026372""}, {""id"": ""a7caddb4-12a8-44c2-a841-d25bfccd5a72"", ""email"": ""Liliane_Flatley79@hotmail.com"", ""lastName"": ""Flatley"", ""firstName"": ""Liliane"", ""percentage"": 8, ""phoneNumber"": ""+18252027218""}, {""id"": ""b12710d0-41d2-4311-a19e-372e5c382801"", ""email"": ""Dasia.Emmerich@hotmail.com"", ""lastName"": ""Emmerich"", ""firstName"": ""Dasia"", ""percentage"": 3, ""phoneNumber"": ""+17512526319""}]","1386911544","1314962107","1206994233","488402547","463065467","425044452","f","[{""id"": ""516bcfb3-3322-4cc8-ac23-1e205687989c"", ""name"": ""Sysco Food Supplier Credit Line"", ""interestRate"": 10.28437777065614, ""originalDate"": ""2018-08-16T04:20:28.882Z"", ""currentBalance"": 28380244, ""monthlyPayment"": 479730, ""originalAmount"": 36298841, ""termOrMaturationDate"": ""2026-10-16T22:43:06.171Z""}, {""id"": ""bcc7afc1-e14b-404f-9aa9-08835707c38e"", ""name"": ""Pending Lawsuit Settlement Debt"", ""interestRate"": 6.897328341465677, ""originalDate"": ""2020-02-13T19:14:56.617Z"", ""currentBalance"": 4851314, ""monthlyPayment"": 85638, ""originalAmount"": 22718290, ""termOrMaturationDate"": ""2027-10-08T12:17:26.168Z""}]","f","[{""id"": ""233b561b-5fc6-4118-8603-7dde2ae36873"", ""name"": ""CitiBusiness AAdvantage Platinum Card"", ""balance"": 2759769}, {""id"": ""eb81bd24-c68f-496f-85c4-51704fe3eac6"", ""name"": ""Wells Fargo Business Elite Card"", ""balance"": 2059145}]","t","Viduo adicio vulpes adfectus iusto caput aegre cedo templum. Magnam bestia ustulo cariosus demulceo ducimus. Bis alveus velociter absum.","b1255a9a-b3b7-46e3-94dd-97a1da9cbf7b","j71cxog5l8w2ty4rlpuwe","d81dc152-c9d3-048b-1572-1f0c4594bf92","6852c174-b675-4023-976b-a2661379ab89","t","2025-08-13 09:05:50.484+00",,"472 Roscoe Expressway","53911","+19347559298"
"Bode Inc","LLC","Minnetonka","ME","2022-04-28 14:28:27.04+00","Approbo patrocinor comis ventosus carbo torrens. Cogito beneficium confido vulpes vapulus annus. Viduo amaritudo ascisco aeneus deleo anser ascisco.","562991","14","92384774","f","Strenuus commemoro coniuratio derideo veritatis. Depono vobis aliqua paens casso aeneus ullus dapifer. Decerno confido magnam concido catena amplexus veniam substantia.","t",,"[{""id"": ""a1d70e36-541b-4c79-aafb-cf2d13765cdd"", ""email"": ""Kirsten.Heller87@yahoo.com"", ""lastName"": ""Heller"", ""firstName"": ""Kirsten"", ""percentage"": 75, ""phoneNumber"": ""+13475077982""}, {""id"": ""d62b8765-8d09-45dd-b2c8-c4b7b00f117c"", ""email"": ""Aaron.Fritsch81@gmail.com"", ""lastName"": ""Fritsch"", ""firstName"": ""Aaron"", ""percentage"": 24, ""phoneNumber"": ""+13209693249""}, {""id"": ""74fd3e57-d909-435b-b21f-3230a1b748c8"", ""email"": ""Anais_Willms32@hotmail.com"", ""lastName"": ""Willms"", ""firstName"": ""Anais"", ""percentage"": 1, ""phoneNumber"": ""+12582057044""}]","230961934","217120966","225690960","78573354","73864651","76780167","f","[{""id"": ""776bf3c4-8234-4e99-b7cc-2504a3d96941"", ""name"": ""Sysco Food Supplier Credit Line"", ""interestRate"": 9.325042302396673, ""originalDate"": ""2021-07-15T05:25:03.012Z"", ""currentBalance"": 24904036, ""monthlyPayment"": 490003, ""originalAmount"": 63352974, ""termOrMaturationDate"": ""2026-07-20T03:05:09.622Z""}]","f","[{""id"": ""526df696-6b75-43eb-a0db-c01a61bab307"", ""name"": ""Stripe Corporate Business Card"", ""balance"": 787159}, {""id"": ""6459b472-99c5-4ac2-9b33-1136ffa276f6"", ""name"": ""US Bank Business Leverage Visa"", ""balance"": 945702}, {""id"": ""4265a3e2-88a9-4359-87b3-bbe7793c35c4"", ""name"": ""Chase Ink Business Credit Card"", ""balance"": 742243}, {""id"": ""53e3d2a5-8dd1-41b7-b51d-3919512adc9a"", ""name"": ""Wells Fargo Business Elite Card"", ""balance"": 2831244}]","t","Adhuc aestus coerceo aptus sub decipio uter socius. Deludo pecco absque asperiores. Contabesco candidus adeo decipio demitto collum ullam cur bos.","9db9ac13-2075-44b7-b0db-376a3c43a5f2","2ia6nio2nmkzd6z2ccpzy","d81dc152-c9d3-048b-1572-1f0c4594bf92","8b1d69ec-6833-4846-bc3f-52416b284091","t","2025-08-28 14:45:09.201+00",,"8165 Watsica Burgs","12546","+15808871303"
"Rutherford, Jenkins and Haag","C Corporation","West Elroycester","SD","2020-01-30 22:57:46.071+00","Quae libero aperiam. Venustas suppellex conforto coniecto inflammatio. Creber voluntarius amiculum demum aegrotatio tametsi.","541870","32","215633946","f","Accusamus cognomen ultio ventosus eum veniam ullam maiores natus dedecor. Tempore rem copia demergo terminatio tumultus rerum. Acceptus trans sulum curo verus adeo vigor facilis subseco adimpleo.","f",,"[{""id"": ""61c77356-4a38-44d3-b7a5-8aa04f37ceb5"", ""email"": ""Ena.Oberbrunner@gmail.com"", ""lastName"": ""Oberbrunner"", ""firstName"": ""Ena"", ""percentage"": 100, ""phoneNumber"": ""+13697787347""}]","539084864","532387197","582572839","6829516","6744665","7380453","f","[{""id"": ""01f7d254-240b-4efc-a22f-81616574511c"", ""name"": ""Contract Breach Judgment Debt"", ""interestRate"": 11.570761433036452, ""originalDate"": ""2022-06-01T04:08:56.816Z"", ""currentBalance"": 12645332, ""monthlyPayment"": 473189, ""originalAmount"": 21479606, ""termOrMaturationDate"": ""2026-07-14T17:26:20.305Z""}, {""id"": ""be064a8c-a868-4ab4-adbc-f6faeb2335e3"", ""name"": ""Unpaid Corporate Income Tax"", ""interestRate"": 11.158803458815957, ""originalDate"": ""2019-08-27T00:52:54.395Z"", ""currentBalance"": 5377801, ""monthlyPayment"": 199392, ""originalAmount"": 8473311, ""termOrMaturationDate"": ""2027-01-18T10:27:38.401Z""}, {""id"": ""1ea37ef5-32ad-4f18-a84a-d16ea4ad7181"", ""name"": ""Fastenal Industrial Supplier Credit"", ""interestRate"": 5.426821785172385, ""originalDate"": ""2022-07-27T04:13:08.772Z"", ""currentBalance"": 10218738, ""monthlyPayment"": 330067, ""originalAmount"": 10412177, ""termOrMaturationDate"": ""2028-02-09T14:26:57.723Z""}]","t","[]","t","Antiquus tabula eaque. Timor termes curriculum ciminatio id conor tum universe. Cornu uxor admiratio canonicus veritatis odio stillicidium solium.","4b310632-e1fa-4f52-add0-5fcc3ed5b011","qnr2ufx8hzvavbbg2quon","d81dc152-c9d3-048b-1572-1f0c4594bf92","3ec9c015-895d-4efb-8d3b-62104b9be76e","t","2025-08-30 06:32:56.972+00",,"486 Zetta Circle","85167","+15885413557"
"Maggio and Sons","Partnership","Kertzmannfield","ND","2021-11-25 08:43:16.877+00","Speciosus cornu agnitio vivo versus adfectus adnuo solum conspergo. Similique conitor debeo. Accusamus ea crux avaritia absconditus socius.","424340","231","800000000","f","Demitto certus testimonium triumphus admiratio nulla versus absens comis comptus. Adipisci odio desparatus civis. Ait sint bos comptus.","t",,"[{""id"": ""03ca4e27-c649-4650-b05f-6c4394e8ddce"", ""email"": ""Tessie_Rohan36@hotmail.com"", ""lastName"": ""Rohan"", ""firstName"": ""Tessie"", ""percentage"": 7, ""phoneNumber"": ""+12552483143""}, {""id"": ""e366cfca-fc57-47c3-9a48-d97c1cbd6630"", ""email"": ""Kelvin_Hoeger76@gmail.com"", ""lastName"": ""Hoeger"", ""firstName"": ""Kelvin"", ""percentage"": 34, ""phoneNumber"": ""+15166273729""}, {""id"": ""888dd87f-6cdd-4892-8a52-8f093a333cd3"", ""email"": ""Mitchel.Jenkins1@gmail.com"", ""lastName"": ""Jenkins"", ""firstName"": ""Mitchel"", ""percentage"": 59, ""phoneNumber"": ""+18223299882""}]","2000000000","1819948561","1687631257","256456581","233368893","216402071","f","[{""id"": ""a6291cc4-d780-4a7d-b9a9-12da4b46ecf4"", ""name"": ""US Bank Equipment Financing"", ""interestRate"": 10.72066769889489, ""originalDate"": ""2023-07-02T19:38:12.032Z"", ""currentBalance"": 8807604, ""monthlyPayment"": 201014, ""originalAmount"": 16530371, ""termOrMaturationDate"": ""2028-06-12T05:08:55.444Z""}, {""id"": ""1282aaff-671a-4900-954b-786fdcd4f836"", ""name"": ""US Bank Equipment Financing"", ""interestRate"": 9.588832413413662, ""originalDate"": ""2021-06-29T20:34:10.930Z"", ""currentBalance"": 6836125, ""monthlyPayment"": 149572, ""originalAmount"": 65812808, ""termOrMaturationDate"": ""2030-01-22T23:22:23.754Z""}]","f","[{""id"": ""55d925a4-bd15-49e6-9400-3e952b3df136"", ""name"": ""Bank of America Business Advantage Credit Card"", ""balance"": 928986}]","t","Porro vinco abduco laboriosam totam carpo. Virgo triduana veritatis. Terebro tracto cupio annus contabesco timor.","f7e061c5-b860-45f9-abed-9f033c64b7cd","eca1vtd2uqxxfolabuhuz","d81dc152-c9d3-048b-1572-1f0c4594bf92","640f1087-e784-4453-95f6-642a23f82b6c","t","2025-08-22 03:55:29.517+00",,"117 Hope Mall","69513","+17146368036"
"Hane, Gislason and Vandervort","Joint venture","Margaretetown","UT","2019-11-04 17:08:42.237+00","Supellex correptius combibo doloribus crur. Fugit undique avaritia. Ter cerno thymum utilis cotidie claustrum acervus umerus crur territo.","624190","102","606533045","t","Minima damno tamisium clamo conspergo benigne tamdiu anser cibo. Spero tendo cibo aduro cetera pecus thesaurus summopere cado. Venia distinctio adeptio doloremque compono autus.","f","Animadverto vaco quia ambitus viscus. Aiunt verto capillus patruus dicta at deficio acer vallum. Ago clibanus ager.","[{""id"": ""28e60188-70cd-477e-92fd-6ebc68c6409d"", ""email"": ""Aida.Cole58@gmail.com"", ""lastName"": ""Cole"", ""firstName"": ""Aida"", ""percentage"": 1, ""phoneNumber"": ""+19724873957""}, {""id"": ""bea10d0f-40d6-4fde-ab5e-70cf9e4faed6"", ""email"": ""Avery.Aufderhar@hotmail.com"", ""lastName"": ""Aufderhar"", ""firstName"": ""Avery"", ""percentage"": 29, ""phoneNumber"": ""+15799361732""}, {""id"": ""3a41300c-9acc-4ab8-b529-0401663c7a8b"", ""email"": ""Madie_Reichert30@hotmail.com"", ""lastName"": ""Reichert"", ""firstName"": ""Madie"", ""percentage"": 13, ""phoneNumber"": ""+14955174286""}, {""id"": ""e0d523ef-1a5e-4e3b-8573-01d3f589614c"", ""email"": ""Jacquelyn.Smitham71@hotmail.com"", ""lastName"": ""Smitham"", ""firstName"": ""Jacquelyn"", ""percentage"": 15, ""phoneNumber"": ""+15706146925""}, {""id"": ""4e00a9ae-ab58-4e65-9d85-0e5690bad6c0"", ""email"": ""Dennis_OKeefe@yahoo.com"", ""lastName"": ""O'Keefe"", ""firstName"": ""Dennis"", ""percentage"": 42, ""phoneNumber"": ""+13327327263""}]","1516332612","1596312829","1646957730","444133329","467559508","482393383","f","[{""id"": ""f142e2a2-d61a-4a1e-a471-5ac59fe765c6"", ""name"": ""SBA 7(a) Loan - Capital Growth"", ""interestRate"": 9.325713718114109, ""originalDate"": ""2024-01-26T08:51:23.314Z"", ""currentBalance"": 9353099, ""monthlyPayment"": 228572, ""originalAmount"": 31569348, ""termOrMaturationDate"": ""2025-11-07T10:09:46.297Z""}, {""id"": ""337686e1-b4cf-4575-bdb5-e0bcde728198"", ""name"": ""SBA 7(a) Loan - Capital Growth"", ""interestRate"": 5.158555125989506, ""originalDate"": ""2024-10-26T07:41:37.001Z"", ""currentBalance"": 17755858, ""monthlyPayment"": 224294, ""originalAmount"": 32384507, ""termOrMaturationDate"": ""2033-07-26T05:10:40.614Z""}, {""id"": ""274951ce-a022-449e-a4a3-f6e3afc25259"", ""name"": ""SBA 504 Loan - Real Estate Financing"", ""interestRate"": 11.967628511465865, ""originalDate"": ""2018-12-30T21:49:24.908Z"", ""currentBalance"": 15111449, ""monthlyPayment"": 570469, ""originalAmount"": 16272871, ""termOrMaturationDate"": ""2025-10-12T05:05:56.401Z""}]","f","[{""id"": ""eaff405c-c3dc-4962-a6c5-409789cbead5"", ""name"": ""CitiBusiness AAdvantage Platinum Card"", ""balance"": 2307622}, {""id"": ""fbc0e744-1029-4d26-85cc-331de5a48f08"", ""name"": ""CitiBusiness AAdvantage Platinum Card"", ""balance"": 1711826}, {""id"": ""eb1fdde9-3201-4b1d-876e-1e45b764381e"", ""name"": ""American Express Business Platinum Card"", ""balance"": 1839689}, {""id"": ""a2ce06a5-21af-4457-8111-c44f1a1ff839"", ""name"": ""Bank of America Business Advantage Credit Card"", ""balance"": 284983}]","t","Tremo consectetur urbanus tempora caries aspernatur crebro blandior contra. Varietas eligendi cotidie curriculum vallum ater calculus laboriosam cilicium. Virgo spargo tabgo clementia dolor itaque torrens contego considero vereor.","b4fb84f1-35ea-4344-b256-0c286b96a0de","rewewrh940s65medhm08y","d81dc152-c9d3-048b-1572-1f0c4594bf92","cc7e3bcb-9eab-481f-8e40-f43b1318dfe1","t","2025-09-06 07:48:16.066+00",,"9100 North Lane","30227","+18988817579"
"Daugherty and Sons","Franchise","Allenville","NV","2022-03-09 08:00:24.966+00","Terminatio annus adeo calculus tendo. Aegrotatio placeat tui corona deduco viriliter trepide turbo civis astrum. Cursim allatus suspendo dens reprehenderit credo benevolentia defessus delinquo.","112930","164","670910093","f","Molestias inflammatio arbitro astrum calcar curis testimonium sono tenus degenero. Synagoga coepi cumque cicuta voveo. Canto tenus tempus confero comprehendo degusto bibo.","t","Cruentus terror thesis acquiro capillus. Coruscus amor quaerat patria. Crur verecundia defendo ars soleo derideo.","[{""id"": ""e883a24d-8462-4299-b271-54e9c2ca19e8"", ""email"": ""Delta.Goldner9@yahoo.com"", ""lastName"": ""Goldner"", ""firstName"": ""Delta"", ""percentage"": 20, ""phoneNumber"": ""+17897198558""}, {""id"": ""682b9443-b2e6-471a-9482-a173b13d52eb"", ""email"": ""Isadore.Carroll23@yahoo.com"", ""lastName"": ""Carroll"", ""firstName"": ""Isadore"", ""percentage"": 73, ""phoneNumber"": ""+16082657212""}, {""id"": ""4c07d7b5-4b50-42a7-a428-3e5a0f98187e"", ""email"": ""Daphne.Treutel@hotmail.com"", ""lastName"": ""Treutel"", ""firstName"": ""Daphne"", ""percentage"": 4, ""phoneNumber"": ""+19817750438""}, {""id"": ""2e3a9d5f-0040-4d6e-93a2-bc2b951859da"", ""email"": ""Naomi_Kautzer97@hotmail.com"", ""lastName"": ""Kautzer"", ""firstName"": ""Naomi"", ""percentage"": 2, ""phoneNumber"": ""+16793727907""}, {""id"": ""3f5194f0-3160-40af-b9e3-478af6abdf1a"", ""email"": ""Jeanne.Wehner@yahoo.com"", ""lastName"": ""Wehner"", ""firstName"": ""Jeanne"", ""percentage"": 1, ""phoneNumber"": ""+19475493101""}]","1677275232","1668727899","1673719028","554178036","551353965","553003053","f","[{""id"": ""93e57258-375c-432e-92c8-ea183248b2a7"", ""name"": ""Unpaid Corporate Income Tax"", ""interestRate"": 9.631435435989246, ""originalDate"": ""2024-07-28T16:37:09.402Z"", ""currentBalance"": 25236134, ""monthlyPayment"": 436218, ""originalAmount"": 53875273, ""termOrMaturationDate"": ""2032-09-28T04:42:27.526Z""}, {""id"": ""4f3acf2a-ec2b-48c2-a1ae-c940961e4455"", ""name"": ""Pending Lawsuit Settlement Debt"", ""interestRate"": 11.065080730929973, ""originalDate"": ""2017-11-04T10:17:48.078Z"", ""currentBalance"": 25318339, ""monthlyPayment"": 444444, ""originalAmount"": 42095465, ""termOrMaturationDate"": ""2034-07-02T08:37:01.807Z""}, {""id"": ""08601e63-8b76-4dac-9fb2-5afe14451735"", ""name"": ""State Sales Tax Delinquency"", ""interestRate"": 6.603362912220371, ""originalDate"": ""2024-03-21T16:54:32.023Z"", ""currentBalance"": 3264266, ""monthlyPayment"": 72367, ""originalAmount"": 5000000, ""termOrMaturationDate"": ""2026-01-22T09:16:52.815Z""}]","f","[{""id"": ""864afbcc-e2d8-4790-9cb5-143067c5474f"", ""name"": ""US Bank Business Leverage Visa"", ""balance"": 2343257}, {""id"": ""07569342-96bb-4c55-9471-a890ced19784"", ""name"": ""Stripe Corporate Business Card"", ""balance"": 4376310}]","t","Tepidus acidus cedo tabernus sopor uxor coepi trepide magni conscendo. Vomito voluptatem atqui tollo validus pecto acerbitas spes conatus. Appello doloribus volubilis.","9d5a3620-c537-407c-ba7a-4ba293b5da87","s7iewcqqf3bxf9ue7rehi","d81dc152-c9d3-048b-1572-1f0c4594bf92","5046169a-0997-45de-8ffa-16bb465629b3","t","2025-08-26 09:42:58.007+00",,"6571 Pacocha Summit","85561","+17594277747"
"Reichel, Strosin and Stroman","Joint venture","North Casimerside","GA","2019-02-10 02:32:46.072+00","Complectus tabgo accommodo capitulus aqua capitulus. Arca terga caveo testimonium. Fugiat adeo cornu.","314910","31","151359509","f","Angelus terga architecto voro victoria caute et usus. Acceptus tergeo verumtamen tredecim temperantia. Cena ara nesciunt incidunt sol.","f",,"[{""id"": ""57b7cf95-b880-4b21-84d9-c4250c6059e8"", ""email"": ""Eunice_Bogan68@yahoo.com"", ""lastName"": ""Bogan"", ""firstName"": ""Eunice"", ""percentage"": 13, ""phoneNumber"": ""+17778124717""}, {""id"": ""303b557e-995f-4649-beaf-9b4864d4ebe2"", ""email"": ""Maximilian_Roob51@hotmail.com"", ""lastName"": ""Roob"", ""firstName"": ""Maximilian"", ""percentage"": 59, ""phoneNumber"": ""+15183297029""}, {""id"": ""fc55441d-cb5c-4ffc-92fb-8476263e9a88"", ""email"": ""Newell.Cole12@gmail.com"", ""lastName"": ""Cole"", ""firstName"": ""Newell"", ""percentage"": 11, ""phoneNumber"": ""+19465715658""}, {""id"": ""0da654f4-5e8d-4db3-81c9-b5f6e9c9989e"", ""email"": ""Vern.Ledner34@gmail.com"", ""lastName"": ""Ledner"", ""firstName"": ""Vern"", ""percentage"": 9, ""phoneNumber"": ""+19438311097""}, {""id"": ""7626a8b8-f301-45c0-b382-af30976b4195"", ""email"": ""Jaylan.Skiles29@gmail.com"", ""lastName"": ""Skiles"", ""firstName"": ""Jaylan"", ""percentage"": 8, ""phoneNumber"": ""+14646274261""}]","378398772","360733173","372449415","77564134","73943041","76344635","f","[{""id"": ""fb8ad32a-029a-4170-bd92-ee5ecbca7353"", ""name"": ""US Bank Equipment Financing"", ""interestRate"": 7.417190544738942, ""originalDate"": ""2022-11-16T09:12:22.460Z"", ""currentBalance"": 22260910, ""monthlyPayment"": 508610, ""originalAmount"": 23206988, ""termOrMaturationDate"": ""2026-06-14T13:22:23.444Z""}]","f","[{""id"": ""72d28068-7203-4db4-bd12-7d360600352a"", ""name"": ""American Express Business Platinum Card"", ""balance"": 3393002}, {""id"": ""85c5a385-3c00-4b60-aa48-beb75e076df4"", ""name"": ""Bank of America Business Advantage Credit Card"", ""balance"": 3841174}, {""id"": ""4274a37d-ebf5-4371-9344-5ddc75454664"", ""name"": ""Bank of America Business Advantage Credit Card"", ""balance"": 3738160}, {""id"": ""54910cad-8a70-4be9-94aa-73ad64f44ac5"", ""name"": ""Chase Ink Business Credit Card"", ""balance"": 2176214}, {""id"": ""51fc24ab-8af3-4ee8-92fc-279744d4faf5"", ""name"": ""Discover It Business Card"", ""balance"": 3194585}]","f","Sulum tam amor adsidue creptio ago amplus. Admoneo vulpes sint cotidie copiose tricesimus creptio vivo. Cetera defungo amitto abduco delectus.","4e34610f-aba1-419f-9627-58d12b00ce3a","yxgkkja9hu2hs8mmjg0b5","d81dc152-c9d3-048b-1572-1f0c4594bf92","3593d72a-2750-4825-8f45-af2689b6d1d1","t","2025-08-25 01:31:33.638+00",,"542 Batz Throughway","70449","+18546047729"
"Yundt - Wintheiser","Joint venture","Zackfield","WY","2017-05-18 19:58:03.297+00","Versus velociter corpus conservo deporto. Correptius comprehendo tolero officia. Decet contra cetera sed suspendo.","321219","142","800000000","f","Vindico cervus dicta adulatio. Barba cavus celo comptus. Cupressus astrum deleniti audio cubicularis.","f",,"[{""id"": ""2d5a4cc1-dcb2-43a0-a0cc-02faa8b7ec3b"", ""email"": ""Nikko_Krajcik67@yahoo.com"", ""lastName"": ""Krajcik"", ""firstName"": ""Nikko"", ""percentage"": 67, ""phoneNumber"": ""+18613172584""}, {""id"": ""406ed101-a24c-45ee-8aac-da2c90917a1e"", ""email"": ""Kennith_Klein@hotmail.com"", ""lastName"": ""Klein"", ""firstName"": ""Kennith"", ""percentage"": 33, ""phoneNumber"": ""+18555474307""}]","2000000000","1804680065","1889847499","300281838","270956323","283743440","f","[{""id"": ""cd3c941e-62ab-4570-b739-04939fb12227"", ""name"": ""Bank of America Working Capital Loan"", ""interestRate"": 11.267983406953046, ""originalDate"": ""2020-04-25T18:22:56.593Z"", ""currentBalance"": 13686367, ""monthlyPayment"": 508692, ""originalAmount"": 47697764, ""termOrMaturationDate"": ""2028-04-28T02:20:38.300Z""}, {""id"": ""fb91ad06-bb1f-4ccc-b192-36bb7224abbd"", ""name"": ""PayPal Working Capital Loan"", ""interestRate"": 11.445012703397126, ""originalDate"": ""2016-10-04T17:42:11.020Z"", ""currentBalance"": 15325835, ""monthlyPayment"": 571888, ""originalAmount"": 25376716, ""termOrMaturationDate"": ""2027-06-06T05:26:45.646Z""}]","f","[{""id"": ""3f258794-83e3-44e4-8c66-1550bf221019"", ""name"": ""CitiBusiness AAdvantage Platinum Card"", ""balance"": 4939774}]","f","Vindico patria ager natus cauda audeo uter suggero fugiat aureus. Aegrus benigne depraedor traho crustulum timidus. Sum nobis consequatur turbo vox deludo super vinum condico somnus.","63400b41-7bf9-447e-ac48-a0b3bd5e659a","87qox8pikzkba9s2y56f5","d81dc152-c9d3-048b-1572-1f0c4594bf92","7f706c6a-bb1d-4753-9877-ced72538b59b","t","2025-08-20 16:10:02.926+00",,"939 Omari Hills","21485","+13993472239"
"Vandervort Group","Joint venture","North Thomasfield","OK","2021-10-27 18:59:00.839+00","Acidus contego dolores quam tremo acer admiratio conitor. Cogito deorsum taedium civis. Suffoco quo cibus patria dolorem deprecator canonicus.","522320","48","292078512","t","Templum arcus voluptas thermae cupiditas. Subito conduco solus tutamen colligo crur conculco adiuvo. Subito culpa congregatio callide vesica cubitum admitto cohors.","f","Vel sonitus ocer acervus bis. Sursum vitae aetas temeritas animadverto tres quis ocer comes tremo. Charisma deripio defungo audentia.","[{""id"": ""f91aba71-043e-4573-b2ee-9146c241374d"", ""email"": ""Helga.Heidenreich80@yahoo.com"", ""lastName"": ""Heidenreich"", ""firstName"": ""Helga"", ""percentage"": 82, ""phoneNumber"": ""+17912912921""}, {""id"": ""ccf1cc4f-b6b0-41e3-8e57-636000a715c6"", ""email"": ""Michel_Runte46@gmail.com"", ""lastName"": ""Runte"", ""firstName"": ""Michel"", ""percentage"": 7, ""phoneNumber"": ""+19662642442""}, {""id"": ""aa0b1923-c982-4adf-9f99-0eeb936ebb0a"", ""email"": ""Adaline.Hilpert-Douglas@hotmail.com"", ""lastName"": ""Hilpert-Douglas"", ""firstName"": ""Adaline"", ""percentage"": 4, ""phoneNumber"": ""+13015900499""}, {""id"": ""e65c9581-3ba7-4aea-8874-aa173f857301"", ""email"": ""Russell.Erdman@gmail.com"", ""lastName"": ""Erdman"", ""firstName"": ""Russell"", ""percentage"": 7, ""phoneNumber"": ""+14434967896""}]","936732864","967311789","980721850","204218957","210885528","213809082","f","[{""id"": ""8917c950-c4e3-428f-b0a6-2d63a8dc327e"", ""name"": ""Square Capital Merchant Advance"", ""interestRate"": 7.745378831370325, ""originalDate"": ""2022-12-11T18:05:18.503Z"", ""currentBalance"": 12375478, ""monthlyPayment"": 227204, ""originalAmount"": 70069686, ""termOrMaturationDate"": ""2028-02-13T23:41:02.978Z""}, {""id"": ""04e1efde-9e40-478c-8d3d-34e41dcdc572"", ""name"": ""US Bank Equipment Financing"", ""interestRate"": 5.409279496096087, ""originalDate"": ""2016-11-12T01:28:29.664Z"", ""currentBalance"": 6260593, ""monthlyPayment"": 102752, ""originalAmount"": 6710665, ""termOrMaturationDate"": ""2026-09-23T08:19:18.041Z""}]","t","[]","f","Adnuo ustilo solum antea suspendo crepusculum calcar audax. Valde spoliatio arca alter tripudio ceno vetus. Conduco aggero tendo adnuo inventore.","1b851d5d-06e6-4f7a-b822-a35c307ef3c9","zzz7zu88c1jpzqt036k2x","d81dc152-c9d3-048b-1572-1f0c4594bf92","069884ca-ddb7-4391-8701-115595404ef3","t","2025-09-01 16:21:07.523+00",,"9978 Broadway Avenue","51886","+17746582371"
"Wolf LLC","C Corporation","Marcoland","AK","2021-01-04 23:06:46.514+00","Tenax curia calco aegre accusamus urbanus arbustum. Averto quod vulgivagus curvo acer cui. Aegrotatio solutio barba tenuis taedium depromo celo.","812191","75","510144360","f","Apparatus torqueo contego teneo pectus vorago. Certe sordeo aestivus. Universe tamdiu tantillus.","f","Tremo sulum totam incidunt vito. Argumentum tempore nobis. Optio unde clibanus harum calculus eaque.","[{""id"": ""f49aab9b-a099-4799-8de9-de8027b45d1b"", ""email"": ""Ed.Gusikowski@hotmail.com"", ""lastName"": ""Gusikowski"", ""firstName"": ""Ed"", ""percentage"": 7, ""phoneNumber"": ""+13793975834""}, {""id"": ""f688ca08-9ae5-456a-9242-a3a53c338ec3"", ""email"": ""Margie_Lebsack12@hotmail.com"", ""lastName"": ""Lebsack"", ""firstName"": ""Margie"", ""percentage"": 93, ""phoneNumber"": ""+12739838006""}]","1275360900","1225629547","1181525313","457984531","440125908","424287993","f","[{""id"": ""84c50744-12e3-4d34-b3d5-70644baef4da"", ""name"": ""CNH Industrial Equipment Financing"", ""interestRate"": 7.861427715295436, ""originalDate"": ""2018-08-12T01:50:38.065Z"", ""currentBalance"": 26028256, ""monthlyPayment"": 712771, ""originalAmount"": 67999347, ""termOrMaturationDate"": ""2025-11-14T15:28:51.678Z""}, {""id"": ""f59efef1-f06e-4d0b-93e4-c6873151f671"", ""name"": ""US Bank Equipment Financing"", ""interestRate"": 7.021112701179941, ""originalDate"": ""2017-03-13T10:12:08.753Z"", ""currentBalance"": 10042527, ""monthlyPayment"": 267977, ""originalAmount"": 11510520, ""termOrMaturationDate"": ""2028-02-11T22:43:25.919Z""}, {""id"": ""fa0c2d32-c73b-463c-9241-1f20627a29ab"", ""name"": ""Regulatory Fine Payment Agreement"", ""interestRate"": 7.937714946281243, ""originalDate"": ""2019-08-13T12:12:21.799Z"", ""currentBalance"": 3480202, ""monthlyPayment"": 119693, ""originalAmount"": 7153601, ""termOrMaturationDate"": ""2027-11-25T14:36:26.998Z""}]","f","[{""id"": ""ed6c5eaa-ee1c-4be0-bcbf-a87667b97f1d"", ""name"": ""Capital One Spark Business Credit Card"", ""balance"": 3755834}, {""id"": ""05808b24-cb18-4857-abb3-410d275a98d6"", ""name"": ""Stripe Corporate Business Card"", ""balance"": 2881603}, {""id"": ""51cccf46-4673-49cd-a6a9-69b01b7cae86"", ""name"": ""Capital One Spark Business Credit Card"", ""balance"": 3391575}, {""id"": ""8657d777-b94e-4d37-92d5-4c949818a94d"", ""name"": ""Wells Fargo Business Elite Card"", ""balance"": 1669203}]","f","Triumphus vulpes cibus sequi villa utrum. Utpote cibo delinquo cur cubo acquiro. Arbor ascit cariosus aufero officiis constans.","3d87b6fc-d34e-428a-bae8-f28f3857fc7e","zc2lwp00cnli8l6k9fa9n","d81dc152-c9d3-048b-1572-1f0c4594bf92","786ce2f4-14f3-4781-af34-6dda0786e377","t","2025-08-22 11:36:01.399+00",,"53969 N Harrison Street","48727","+15413736822"
